<?xml version="1.0" encoding="utf-8"?>
<serial>
	<numbers>
		<animal id="cat" serialNumber="4d0047570a" />
		<animal id="cat" serialNumber="6800890f6a" />
		<animal id="cat" serialNumber="4e00ddfcc4" />
		<animal id="cat" serialNumber="6800892c39" />
		<animal id="cat" serialNumber="4e00de1279" />
		<animal id="cat" serialNumber="6800891a73" />
		<animal id="cat" serialNumber="4d004741cc" />

		<animal id="dog" serialNumber="6800891fcc" />	
		<animal id="dog" serialNumber="68008942fb" />	
		<animal id="dog" serialNumber="0f000a745e" />	
		<animal id="dog" serialNumber="0f000ad1b7" />	
		<animal id="dog" serialNumber="4d00474c8a" />	
		<animal id="dog" serialNumber="68008925cb" />	
		
		<animal id="goat" serialNumber="68008925b2" />
		<animal id="goat" serialNumber="68008925eb" />
		<animal id="goat" serialNumber="6800895256" />
		<animal id="goat" serialNumber="68008954fb" />
		<animal id="goat" serialNumber="4d0046d2ad" />
		<animal id="goat" serialNumber="4e00e26bd2" />
		<animal id="goat" serialNumber="4e00e2441d" />
		<animal id="goat" serialNumber="6800895320" />
		<animal id="goat" serialNumber="4e00e1ed82" />

	</numbers>
</serial>
